,Weighted F1 Index - K Value,Accuracy Value,Weighted F1 Values
ROS,438,0.8037777777777778,0.7913393553835445
RUS,165,0.8024444444444444,0.7899215027587443
CNN,38,0.8033333333333333,0.7921418936801073
No Sampling,12,0.8131111111111111,0.7869258263524843
SMOTE,491,0.7842222222222223,0.7793539413107775
