,Weighted F1 Index - K Value,Accuracy Value,Weighted F1 Values,Test Accuracy,Test Weighted F1
ROS,438,0.8037777777777778,0.7913393553835445,0.8055555555555556,0.7903103663470479
RUS,165,0.8024444444444444,0.7899215027587443,0.7795555555555556,0.7808699076928036
CNN,38,0.8033333333333333,0.7921418936801073,0.8051111111111111,0.7962077120933986
No Sampling,12,0.8131111111111111,0.7869258263524843,0.8137777777777778,0.7907001232763933
SMOTE,491,0.7842222222222223,0.7793539413107775,0.7846666666666666,0.7821907837112999
